snapshot_time_et,snapshot_date,source_layer,ObjectID,GlobalID,EditDate,precinct_name,precinct_location_name,precinct_address,precinct_open_closed,wait_current,lon,lat
2026-05-19T09:05:31-04:00,2026-05-19,fulton_may2026_precincts,1,aab085c3-6259-4877-b562-52396f195adf,1779192292774,01A,Parkside Elementary School,"685 Mercer Street SE , Atlanta, GA  30312",Open,0.0,-84.364562,33.73503
2026-05-19T09:05:31-04:00,2026-05-19,fulton_may2026_precincts,2,003203c8-0cc4-4466-8864-8242454ea622,1776445417407,01B & 01E,Ormewood Park Presbyterian Church,"1071 Delaware Avenue SE , Atlanta, GA  30316",Open,0.0,-84.352105,33.731131
2026-05-19T09:05:31-04:00,2026-05-19,fulton_may2026_precincts,3,575ad90e-7042-4d72-9b88-2926a2eac463,1779195779326,01C & 01S ,Mount Pleasant Baptist Church,"17 Meldon Avenue SE , Atlanta, GA  30315",Open,0.0,-84.383393,33.71176
2026-05-19T09:05:31-04:00,2026-05-19,fulton_may2026_precincts,4,9b564def-4fa8-4456-83e2-90c51165cb6b,1779194820003,01D & 04i,Mechanicsville Library,"400 Formwalt Street SW , Atlanta, GA  30312",Open,0.0,-84.39587,33.742771
2026-05-19T09:05:31-04:00,2026-05-19,fulton_may2026_precincts,5,af46f2e2-73bb-4c90-bd6e-4ae7f7367955,1779195924403,01F & 01G & 12K & 12N,Pittman Park Recreation Center,"950 Garibaldi St. SW , Atlanta, GA  30310",Open,0.0,-84.398693,33.728567
2026-05-19T09:05:31-04:00,2026-05-19,fulton_may2026_precincts,6,4fda1103-66cd-42f9-88f3-dba63d091c57,1776445417407,01H & 02S & 05A1 & 05B & 05C & 05K,Liberty Baptist Church,"395 Chamberlain Street SE , Atlanta, GA  30312",Open,0.0,-84.374784,33.75343299999999
2026-05-19T09:05:31-04:00,2026-05-19,fulton_may2026_precincts,7,b5a01755-99cb-4d6f-9bbb-6e9555338ab6,1779192223514,01J & 12S,Watley Library at Southeast Atlanta ,"1463 Pryor Road SW , Atlanta, GA  30315",Open,0.0,-84.39414,33.71477999999999
2026-05-19T09:05:31-04:00,2026-05-19,fulton_may2026_precincts,8,e44c5c62-a071-45dc-8c14-6fa26549d166,1779195850490,01P & 01T,Thomasville Recreation Center,"1835 Henry Thomas Dr SE , Atlanta, GA  30315",Open,0.0,-84.356811,33.704347
2026-05-19T09:05:31-04:00,2026-05-19,fulton_may2026_precincts,9,f1e8287a-20eb-4303-8894-fa0376844d0a,1776445417407,02A & 02W & 06E & 06J & 06R & 06R1,Piedmont Park Magnolia Hall,"1320 Monroe Drive , Atlanta, GA 30306",Open,0.0,-84.367504,33.790732999999996
2026-05-19T09:05:31-04:00,2026-05-19,fulton_may2026_precincts,10,41374c59-5d65-45f7-be1c-44cdb36eb310,1779195924403,02A1,All Saints Episcopal Church,"634 W. Peachtree Street NW , Atlanta, GA 30308",Open,0.0,-84.387853,33.771529
2026-05-19T09:05:31-04:00,2026-05-19,fulton_may2026_precincts,11,ef6a14e7-c9aa-4e9d-98c7-7a41c71b9888,1779195427245,02B & 02C & 04F & 05D,Saint Luke's Episcopal Church,"435 Peachtree Street NE , Atlanta, GA  30308",Open,2.0,-84.384664,33.766468999999994
2026-05-19T09:05:31-04:00,2026-05-19,fulton_may2026_precincts,12,6e53b574-19ea-418c-b001-d82cb6288c3b,1776445417407,02D & 02G ,Helene Mills Senior Center,"515 John Wesley Dobbs Ave SE , Atlanta, GA  30312",Open,0.0,-84.370929,33.758768
2026-05-19T09:05:31-04:00,2026-05-19,fulton_may2026_precincts,13,c8868944-e250-4866-a6ee-622e3591247a,1779193560218,02E & 05A2,Little 5 Point Community Center,"1083 Austin Avenue NE , Atlanta, GA  30307",Open,1.0,-84.35249599999999,33.76195799999999
2026-05-19T09:05:31-04:00,2026-05-19,fulton_may2026_precincts,14,669c1fea-2fd1-49dc-bc71-eff2fc1cdc40,1779191940926,02F1 & 02F2,The Church on Ponce & Highland,"1085 Ponce De Leon Avenue , Atlanta, GA 30306",Open,0.0,-84.34882,33.77398199999999
2026-05-19T09:05:31-04:00,2026-05-19,fulton_may2026_precincts,15,92864462-4054-49dc-ba07-ec5d3870cd2c,1779195850490,02J & 02K & 06G,Park Tavern,"500 Tenth Street NE , Atlanta, GA 30309",Open,0.0,-84.36922,33.78223599999999
2026-05-19T09:05:31-04:00,2026-05-19,fulton_may2026_precincts,16,2e23e5ab-d5bb-4a5e-b677-333ca096abe2,1776445417407,02L1 & 02L1A & 02L1B,Lutheran Church of the Redeemer,"731 Peachtree Street NE , Atlanta, GA 30308",Open,0.0,-84.383905,33.774543
2026-05-19T09:05:31-04:00,2026-05-19,fulton_may2026_precincts,17,1c053597-7655-497e-9ea9-312112babbb1,1779192292774,02L2 & 03I,North Avenue Presbyterian ,"607 Peachtree Street , Atlanta, GA 30308",Open,0.0,-84.385141,33.77135799999999
2026-05-19T09:05:31-04:00,2026-05-19,fulton_may2026_precincts,18,281bd800-cc8e-4afe-9bd0-a7a0a493b72a,1779192501508,03A & 03B & 03C & 03H & 09I ,Allen Temple AME Church,"1625 Joseph E. Boone Blvd NW , Atlanta, GA  30314",Open,0.0,-84.44193200000001,33.764641999999995
2026-05-19T09:05:31-04:00,2026-05-19,fulton_may2026_precincts,19,4b6adde3-daf6-489e-8241-ed55928bbb14,1779194482806,03D & 04A & 04C & 04D,C.A. Scott Recreation Bldg,"1565 Martin Luther King Jr. Dr SW , Atlanta, GA  30314",Open,0.0,-84.438636,33.75265499999999
2026-05-19T09:05:31-04:00,2026-05-19,fulton_may2026_precincts,20,c1561f64-c48a-4d27-b502-6af54efeedb1,1779194128774,03E & 03G & 03L  & 03M & 03N & 09G & 09H,Lindsay Street Baptist Church,"550 Lindsay Street , Atlanta, GA  30314",Open,2.0,-84.416763,33.76977899999999
2026-05-19T09:05:31-04:00,2026-05-19,fulton_may2026_precincts,21,f98d404d-b371-434b-ada3-d7746bcfa329,1779194482806,03F & 06L1 & 06L2 & 08L & 08P & 08P1,Christ Church Presbyterian,"1740 Peachtree Street NW , Atlanta, GA 30309",Open,0.0,-84.393364,33.801607999999995
2026-05-19T09:05:31-04:00,2026-05-19,fulton_may2026_precincts,22,e6ec985e-a145-4ab8-846a-9971eaaafb01,1779193841739,03P1A & 03P2,Antioch Baptist Church Family Center,"540 Cameron M. Alexander Blvd , Atlanta, GA  30318",Open,0.0,-84.405221,33.76785899999999
2026-05-19T09:05:31-04:00,2026-05-19,fulton_may2026_precincts,23,381cf4ed-de63-4b13-9efc-f12a0adc7c22,1779189069254,03S & 09D & 09E & 10F,Salem Bible Church,"2283 Baker Road NW , Atlanta, GA  30318",Open,3.0,-84.462916,33.770406
2026-05-19T09:05:31-04:00,2026-05-19,fulton_may2026_precincts,24,88ea52b2-26e9-490a-b01a-83bd6a561fd8,1779195640267,03T & 04J,Friendship Baptist Church,"80 Walnut Street , Atlanta, GA 30314",Open,0.0,-84.406361,33.75606500000001
2026-05-19T09:05:31-04:00,2026-05-19,fulton_may2026_precincts,25,9b51750b-df84-437d-8cfb-1478c294118f,1779195924403,04B & 04W,Flipper Temple AME Church,"580 Atlanta Student Movement Blvd SW , Atlanta, GA 30314",Open,0.0,-84.40674100000001,33.748879
2026-05-19T09:05:31-04:00,2026-05-19,fulton_may2026_precincts,26,f958ef58-c8be-4c3e-95e3-a6dc84e9a2f2,1779195709499,04G & 04M & 04S & 04T ,St. Peter Missionary Baptist Church ,"1558 Venetian Drive SW , Atlanta, GA  30311",Open,0.0,-84.43965500000002,33.714379
2026-05-19T09:05:31-04:00,2026-05-19,fulton_may2026_precincts,27,128093c1-a45c-4390-b26f-23b5ab82625f,1779195149918,04K & 04L,West Hunter Street Baptist Church,"1040 Ralph David Abernathy Blvd SW , Atlanta, GA  30310",Open,0.0,-84.421719,33.737396999999994
2026-05-19T09:05:31-04:00,2026-05-19,fulton_may2026_precincts,28,24199956-d894-46d4-8ab8-be443ee80ed8,1779183836954,04V,Dunbar Neighborhood Center - Gym,"477 Windsor Street , Atlanta, GA  30312",Open,0.0,-84.39970800000002,33.741372999999996
2026-05-19T09:05:31-04:00,2026-05-19,fulton_may2026_precincts,29,3b976346-a8af-4f10-9410-d6aa5286cd8d,1779195850490,04X1  & 04X2 & 10M ,Fulton County Central Training Center,"425 Langhorn Street , Atlanta, GA  30310",Open,0.0,-84.433018,33.74363499999999
2026-05-19T09:05:31-04:00,2026-05-19,fulton_may2026_precincts,30,18654ace-e47a-4bf5-bec1-4e857f6a6e91,1776445428062,06B & 06F ,Joan P. Garner Library at Ponce De Leon,"980 Ponce De Leon Avenue NE , Atlanta, GA  30306",Open,0.0,-84.35507,33.774174
2026-05-19T09:05:31-04:00,2026-05-19,fulton_may2026_precincts,31,f839c3ca-8a95-41b3-a607-6fab3abf2117,1776445428062,06D & 06D1 & 06D2,Morningside Presbyterian Church,"1411 North Morningside Drive , Atlanta, GA 30306",Open,0.0,-84.356255,33.793482000000004
2026-05-19T09:05:31-04:00,2026-05-19,fulton_may2026_precincts,32,317b3a00-edf9-4d3f-85b1-0251bd2198f3,1779195924403,06i & 06N & 06Q & 07H,Second Ponce De Leon Baptist Church,"2715 Peachtree Road NE , Atlanta, GA  30305",Open,0.0,-84.38579900000002,33.82924299999999
2026-05-19T09:05:31-04:00,2026-05-19,fulton_may2026_precincts,33,d13e9af3-1380-4f7e-8ece-dd002b50726d,1779195924403,07A,Sarah R. Smith Elem School Primary Campus,"370 Old Ivy Road NE , Atlanta, GA  30342",Open,5.0,-84.374991,33.85885
2026-05-19T09:05:31-04:00,2026-05-19,fulton_may2026_precincts,34,986c6fc7-459e-4b39-9c33-b907c7345b6a,1776445428062,07A1 & 07D1 & 07M,Peachtree Road United Methodist,"3180 Peachtree Road , Atlanta, GA 30305",Open,0.0,-84.37590800000001,33.841839
2026-05-19T09:05:31-04:00,2026-05-19,fulton_may2026_precincts,35,6a4df7bd-49c5-4f96-91a9-81796e3a80c9,1779195427245,07B & 07C,Sarah R. Smith Elem School Intermediate Campus,"4141 Wieuca Road NE , Atlanta, GA 30342",Open,0.0,-84.371581,33.86546599999999
2026-05-19T09:05:31-04:00,2026-05-19,fulton_may2026_precincts,36,f16e9584-6e48-4a94-8c0a-ca12dd8bf9c4,1779187583639,07D & 07E & 07N & 08M,Buckhead Library,"269 Buckhead Avenue NE , Atlanta, GA  30305",Open,0.0,-84.37841,33.838365
2026-05-19T09:05:31-04:00,2026-05-19,fulton_may2026_precincts,37,72ea8274-990c-43a3-b458-ac526baf3fd5,1779193984864,07F & 07F1 & 07J & 08G,Cathedral of Saint Philip,"2744 Peachtree Road NW , Atlanta, GA  30305",Open,7.0,-84.38740199999998,33.830603
2026-05-19T09:05:31-04:00,2026-05-19,fulton_may2026_precincts,38,accb7a98-61a6-4886-bbf4-54dc43433875,1779192223514,08A & 08B & 08C & 08C1,Sutton Middle Six Grade Campus,"4360 Powers Ferry Road , Atlanta, GA 30327",Open,0.0,-84.39995300000001,33.873779
2026-05-19T09:05:31-04:00,2026-05-19,fulton_may2026_precincts,39,9f880a48-d210-4a7c-bb2b-7b4e5cb8ffb5,1779191115676,08D   ,Northside Branch Library,"3295 Northside Parkway NW , Atlanta, GA  30327",Open,0.0,-84.425415,33.845121999999996
2026-05-19T09:05:31-04:00,2026-05-19,fulton_may2026_precincts,40,4c8dda8c-3880-4a60-8a9b-7d6630623761,1779192572338,08E & 08F1 & 08N1 & 08N2,Trinity Presbyterian Church,"3003 Howell Mill Road NW , Atlanta, GA  30327",Open,0.0,-84.417576,33.837112999999995
2026-05-19T09:05:31-04:00,2026-05-19,fulton_may2026_precincts,41,5087ed13-9697-4e1f-ae52-25c6cb4f60db,1779190437154,08F2 & 09F,Trinity Angelican Church,"2260 Defoor Hills Road NW , Atlanta, GA 30318",Open,0.0,-84.435108,33.815950999999984
2026-05-19T09:05:31-04:00,2026-05-19,fulton_may2026_precincts,42,81583206-52b4-46a6-aba7-a742d6a29fe1,1776445444116,08H & 08J & 08K,Sutton Middle School,"2875 Northside Drive , Atlanta, GA  30305",Open,0.0,-84.406396,33.832477999999995
2026-05-19T09:05:31-04:00,2026-05-19,fulton_may2026_precincts,43,40dfed90-3701-42f6-bfaf-1716f8116a8e,1776445444116,09A & 09J,Bolton Academy ,"2268 Adams Drive , Atlanta, GA 30318",Open,0.0,-84.45535499999998,33.817544999999996
2026-05-19T09:05:31-04:00,2026-05-19,fulton_may2026_precincts,44,6995bb9e-5cd0-4984-9970-32afc3c890bd,1779195640267,09B & 09M & 09N,Springfield Missionary Baptist Church,"1730 Hollywood Road , Atlanta, GA 30318",Open,0.0,-84.470098,33.802977999999996
2026-05-19T09:05:31-04:00,2026-05-19,fulton_may2026_precincts,45,64a5c786-a9f8-4f68-8717-7bc289d805ff,1779193417755,09C & 10E & 10P & FC02,Jackson Memorial Baptist Church,"534 Fairburn Road NW , Atlanta, GA  30331",Open,0.0,-84.500915,33.76945299999999
2026-05-19T09:05:31-04:00,2026-05-19,fulton_may2026_precincts,46,fc143c52-503f-45ec-a754-36d125ed18b1,1779193984864,09K & 09K1 & 09L,Northwest Library at Scotts Crossings,"2489 Perry Boulevard NW , Atlanta, GA  30318",Open,0.0,-84.469456,33.8052
2026-05-19T09:05:31-04:00,2026-05-19,fulton_may2026_precincts,47,e3cd2c2e-6ccc-4d56-a4a0-f565dcf6e92c,1779192430259,10A & 10C & 10D & 10D1 & 10D2 & 10R,C.T. Martin Recreation Center ,"3201 Martin Luther King Jr Dr SW , Atlanta, GA  30311",Open,0.0,-84.491949,33.754131999999984
2026-05-19T09:05:31-04:00,2026-05-19,fulton_may2026_precincts,48,5b185e5e-cf44-4003-aa75-d1917984549f,1779194267796,10B & 10B1 & 10I,West Manor Park - AF Recreation Center,"3240 West Manor Circle , Atlanta, GA  30311",Open,0.0,-84.492,33.735192000000005
2026-05-19T09:05:31-04:00,2026-05-19,fulton_may2026_precincts,49,908a5f85-8a68-4246-9d33-e6d4fde2074c,1779194059554,10G & 10H1 & 10H2 & 10J,St. Paul's Episcopal Church,"306 Peyton Road , Atlanta, GA  30311",Open,0.0,-84.47654,33.74709299999999
2026-05-19T09:05:31-04:00,2026-05-19,fulton_may2026_precincts,50,7f197dce-25e3-434b-934d-dfd98570ba14,1779195640267,10K & 11H & 11K ,Adams Park Recreation Center,"1620 Delowe Drive , Atlanta, GA 30311",Open,0.0,-84.462237,33.711978
2026-05-19T09:05:31-04:00,2026-05-19,fulton_may2026_precincts,51,3cd92522-cacf-4a45-9b98-667fbd13638e,1779195850490,11B & 11B1 & 11B3 & 11N & 11P,Believers Bible Christian Church,"3689 Campbellton Road , Atlanta, GA 30331",Open,0.0,-84.50922900000002,33.69007899999999
2026-05-19T09:05:31-04:00,2026-05-19,fulton_may2026_precincts,52,4a36ff16-7ce8-4dbd-8be8-596d8779d979,1776445444116,11C & 11C2 & 11C3 & SC14A & SC30A/B,Evelyn Lowery Library at Cascade,"3665 Cascade Road , South Fulton, GA  30331",Open,0.0,-84.50777,33.723199
2026-05-19T09:05:31-04:00,2026-05-19,fulton_may2026_precincts,53,e73c5fbd-e757-425b-87c4-6e0e3617a4ce,1779193137293,11E1 & 11E2 & 11E3,William Walker Recreation Center,"2405 Fairburn Road , Atlanta, GA  30331",Open,0.0,-84.51291399999998,33.688909
2026-05-19T09:05:31-04:00,2026-05-19,fulton_may2026_precincts,54,e9002b44-23c5-4f9e-b881-ac78dd558305,1776445444116,11G & 12i & 12L,Adams Park Library,"2231 Campbellton Road SW , Atlanta, GA  30311",Open,0.0,-84.461684,33.705732999999995
2026-05-19T09:05:31-04:00,2026-05-19,fulton_may2026_precincts,55,d8e6957d-5809-428d-b3be-eb8bdcfe148d,1779195570478,11J & 11M & 11M1 & 11R,Junction 2800 ,"2800 Campbellton Road  , Atlanta, GA 30311",Open,3.0,-84.479968,33.699676999999994
2026-05-19T09:05:31-04:00,2026-05-19,fulton_may2026_precincts,56,1ffe111a-c457-44c8-8a05-a132efce8faf,1779195779326,12A & 12A1& 12D & 12G,Metropolitan Library,"1332 Metropolitan Parkway , Atlanta, GA 30310",Open,2.0,-84.40739,33.718792
2026-05-19T09:05:31-04:00,2026-05-19,fulton_may2026_precincts,57,1198e042-62a0-4ebc-bd45-aed3bcaf1857,1779195640267,12E.1 & 12J & 12M,Rosel Fann Recreation Center,"365 Cleveland Avenue , Atlanta, GA 30354",Open,,-84.37899199999998,33.679536999999996
2026-05-19T09:05:31-04:00,2026-05-19,fulton_may2026_precincts,58,f2cd1ce0-386e-45ab-a16d-e7dcfe0b326b,1779193279117,12F & 12H1 & 12H2,John Birdine Neighborhood Center,"215 Lakewood Way SW , Atlanta, GA 30315",Open,0.0,-84.39677299999998,33.70081799999999
2026-05-19T09:05:31-04:00,2026-05-19,fulton_may2026_precincts,59,266874cf-38e1-4123-80ba-4c76ff2eeeea,1776445444116,AP01A & AP05 & AP12A/B,Fulton County Health & Human Services North ,"4700 Northpoint Pkwy  , Alpharetta, GA 30022",Open,0.0,-84.268593,34.055913
2026-05-19T09:05:31-04:00,2026-05-19,fulton_may2026_precincts,60,9393bfe5-ac42-460b-849f-e83e18f61b4f,1776445444116,AP01B & AP07A & AP10 & AP12C,Alpharetta Library,"10 Park Plaza , Alpharetta, GA  30009",Open,0.0,-84.292321,34.074015
2026-05-19T09:05:31-04:00,2026-05-19,fulton_may2026_precincts,61,16f3c9da-6949-40d4-96f7-84ed1125c5bb,1779193700162,AP01C/D & JC16,Prince of Peace Lutheran Church,"10250 Haynes Bridge Road , Alpharetta, GA 30022",Open,0.0,-84.27047,34.02906699999999
2026-05-19T09:05:31-04:00,2026-05-19,fulton_may2026_precincts,62,3114ce1e-ad33-4d1e-b2b5-e067d433bfc9,1776445464358,AP021 & AP022 & & AP023 & AP02B & AP07C,Wills Park Recreation Center,"11925 Wills Road  , Alpharetta, GA  30009",Open,0.0,-84.31085200000001,34.071393
2026-05-19T09:05:31-04:00,2026-05-19,fulton_may2026_precincts,63,85aa19da-a183-4431-a99e-c13a87e36890,1779195220307,AP03 & RW05 & RW05A,Fulton County Customer Service Center at Maxwell Road,"11575 Maxwell Road , Alpharetta, GA  30009",Open,0.0,-84.301583,34.06307299999999
2026-05-19T09:05:31-04:00,2026-05-19,fulton_may2026_precincts,64,57673ff1-e442-42fc-8d42-3bb779e1f45d,1779195640267,AP04A/B & AP06,Alpharetta Crabapple Gov Center,"12624 Broadwell Road , Alpharetta, GA  30004",Open,0.0,-84.339931,34.089218999999986
2026-05-19T09:05:31-04:00,2026-05-19,fulton_may2026_precincts,65,92e1b8d7-3db4-42eb-8600-3559a4974075,1779195499104,AP09 A/B,Webb Bridge Middle,"4455 Webb Bridge Road , Alpharetta, GA 30005",Open,0.0,-84.231545,34.06688299999999
2026-05-19T09:05:31-04:00,2026-05-19,fulton_may2026_precincts,66,cecde781-ba5c-4f4b-8c2a-170fd635fb48,1779193064937,AP14 & AP14A,Ocee Elementary,"4375 Kimball Bridge Road , Johns Creek, GA  30022",Open,0.0,-84.23172499999998,34.053414
2026-05-19T09:05:31-04:00,2026-05-19,fulton_may2026_precincts,67,04799470-abe8-4bd7-960f-91ae80543763,1776445464358,CH01 & CH01B & CH02 & CH03 & CH04A & CH05 & CH05A,Chattahoochee Hills City Hall,"6505 Rico Road , Chattahoochee Hills, GA 30268",Open,0.0,-84.769162,33.57899799999999
2026-05-19T09:05:31-04:00,2026-05-19,fulton_may2026_precincts,68,b87a2cb3-f22a-4b60-af06-9c15e15b7b68,1779194410840,"CP011 & CP012, CP01B, CP02, CP04A",College Park Auditorium,"3631 Main Street , College Park, GA  30337",Open,0.0,-84.449267,33.65579799999999
2026-05-19T09:05:31-04:00,2026-05-19,fulton_may2026_precincts,69,4f89c297-d82c-4507-9fa7-d2b050dc878c,1779195640267,CP05B/C & CP06A/B & CP07A/B/C/D,College Park Library,"3647 Main Street , College Park, GA  30337",Open,0.0,-84.44809399999998,33.655542999999994
2026-05-19T09:05:31-04:00,2026-05-19,fulton_may2026_precincts,70,2e05322b-3a9a-44e7-a215-1b2a50851bb3,1779195570478,CP08 1/3/4/A  & SC10,Tracey Wyatt Community Center,"2300 Godby Road  , College Park, GA  30349",Open,0.0,-84.464525,33.615466999999995
2026-05-19T09:05:31-04:00,2026-05-19,fulton_may2026_precincts,71,715375b1-f8cd-4b03-8760-ab7d96e104e4,1776445464358,EP01 A/B/C/D,Bowden Senior Center,"2885 Church Street , East Point, GA  30344",Open,0.0,-84.445695,33.677461999999984
2026-05-19T09:05:31-04:00,2026-05-19,fulton_may2026_precincts,72,78fdf631-c0fb-4f50-88b9-04e721be701c,1779191809144,EP02 A/B/C/D/E,Jefferson Park Recreation Center,"1431 Norman Berry Drive , East Point, GA  30344",Open,0.0,-84.436005,33.682160999999994
2026-05-19T09:05:31-04:00,2026-05-19,fulton_may2026_precincts,73,9e553be3-4a6c-4f71-8a4e-38518a648857,1779192927424,EP03A/B/C & EP04C/D,St Stephen Missionary Baptist Church,"2670 Hogan Road , East Point, GA  30344",Open,1.0,-84.476277,33.677732999999996
2026-05-19T09:05:31-04:00,2026-05-19,fulton_may2026_precincts,74,885c8b0b-d1a5-4854-8cd5-9379249b2865,1776445464358,EP04A & SC08J & SC19 A/B/C,Solid Rock Pentecostal Church,"4707 Washington Road , South Fulton, GA  30349",Open,0.0,-84.49209799999998,33.627691
2026-05-19T09:05:31-04:00,2026-05-19,fulton_may2026_precincts,75,9eaf5790-4261-4782-aeee-51252135296a,1779195924403,EP04B & SC08C & SC17A/B/C/D,Welcome All Recreation Center,"4255 Will Lee Road , College Park, GA  30349",Open,0.0,-84.527539,33.63102999999999
2026-05-19T09:05:31-04:00,2026-05-19,fulton_may2026_precincts,76,345868b4-0d59-4eed-95de-331cf8d0449a,1779192223514,FA01A,Open Word Christian Ministries,"6230 Highway 92 , Fairburn, GA  30213",Open,0.0,-84.613335,33.61461299999999
2026-05-19T09:05:31-04:00,2026-05-19,fulton_may2026_precincts,77,10d742c1-36eb-4b0d-87f0-3a4f986e4229,1779195779326,FA01B,Fairburn Annex,"40 Washington Street , Fairburn, GA  30213",Open,0.0,-84.58321,33.566886999999994
2026-05-19T09:05:31-04:00,2026-05-19,fulton_may2026_precincts,78,381741a7-fd52-4dda-a836-ec5948fded5d,1779193348902,FA01C/D,Harvest Rain Church,"8567 Bohannon Road , Fairburn, GA  30213",Open,0.0,-84.587029,33.525288
2026-05-19T09:05:31-04:00,2026-05-19,fulton_may2026_precincts,79,1dda813d-3893-43c0-a07b-54e3e52f9257,1779191735589,HP01,Hoyt Smith Center,"3444 North Fulton Avenue , Hapeville, GA  30354",Open,1.0,-84.407676,33.660022999999995
2026-05-19T09:05:31-04:00,2026-05-19,fulton_may2026_precincts,80,a2ff5edf-8462-41d3-9e0c-77407edb5d75,1776445464358,JC01 & JC01A,Shakerag Elementary,"10885 Rogers Circle , Johns Creek, GA  30097",Open,0.0,-84.129421,34.045967999999995
2026-05-19T09:05:31-04:00,2026-05-19,fulton_may2026_precincts,81,396ebb56-c3e0-49c1-9671-91dd65a84974,1779192857866,JC02 & JC06,Abbotts Hill Elementary,"5575 Abbotts Bridge Road , Johns Creek, GA 30097",Open,0.0,-84.19729300000002,34.056036
2026-05-19T09:05:31-04:00,2026-05-19,fulton_may2026_precincts,82,654b1337-f81c-4376-85ee-ba728fdbffe3,1776445474618,JC03 A/B & JC04 A/B/C & JC05,Robert E. Fulton  Ocee Library ,"5090 Abbotts Bridge Rd  , Johns Creek, GA 30005",Open,0.0,-84.209967,34.06477099999999
2026-05-19T09:05:31-04:00,2026-05-19,fulton_may2026_precincts,83,9a9e82c8-3bee-4390-88ab-1e280f2fd2cb,1779195709499,JC07 & JC11,Johns Creek High School,"5575 State Bridge Road , Johns Creek, GA 30022",Open,0.0,-84.19535099999999,34.022777999999995
2026-05-19T09:05:31-04:00,2026-05-19,fulton_may2026_precincts,84,15223fc1-7d8b-4e37-aaf9-3139ecffb0b8,1779195640267,JC08 & JC09 & JC10,Chattahoochee High School,"5230 Taylor Road , Alpharetta, GA  30022",Open,0.0,-84.20864099999999,34.04866199999999
2026-05-19T09:05:31-04:00,2026-05-19,fulton_may2026_precincts,85,360b6e27-7c2b-42b9-abe4-c360bf66e428,1779194820003,JC12 & JC13 A/B & JC14 & JC15,Northeast / Spruill Oaks Library,"9560 Spruill Road , Alpharetta, GA  30022",Open,0.0,-84.224419,34.01443
2026-05-19T09:05:31-04:00,2026-05-19,fulton_may2026_precincts,86,4ea65e11-9baf-4fcc-a10f-d255d50c16be,1776445474618,JC18 & JC19 & JC19A,Mount Pisgah United Methodist Church,"2850 Old Alabama Road , Johns Creek, GA  30022",Open,0.0,-84.276525,34.021034
2026-05-19T09:05:31-04:00,2026-05-19,fulton_may2026_precincts,87,d23f0663-e153-4343-8b2c-e81c40c8fa71,1779195570478,ML01 A/B/C,Milton Library,"855 Mayfield Road , Alpharetta, GA 30009",Open,0.0,-84.336592,34.090002999999996
2026-05-19T09:05:31-04:00,2026-05-19,fulton_may2026_precincts,88,808024df-c621-4e23-8d70-ed9330750eb1,1779195850490,ML02 A/B & ML03A,Milton City Park & Preserve,"1785 Dinsmore Road , Milton, GA 30004",Open,0.0,-84.312209,34.151054999999985
2026-05-19T09:05:31-04:00,2026-05-19,fulton_may2026_precincts,89,38557541-21e6-405c-a587-3bc08c8ae56a,1779193914270,ML03 & ML07A/B,Hopewell Baptist Church,"15730 Hopewell Road , Milton, GA  30004",Open,0.0,-84.283908,34.164348999999994
2026-05-19T09:05:31-04:00,2026-05-19,fulton_may2026_precincts,90,728f9ed3-02ec-480c-b56f-3a56718a3884,1779192150436,ML04,Bethwell Community Center,"2595 Hopewell Road , Milton, GA 30004",Open,0.0,-84.285765,34.13718699999999
2026-05-19T09:05:31-04:00,2026-05-19,fulton_may2026_precincts,91,6c9bc9ae-e424-4a1f-a1aa-7fcc40a38cab,1779184499553,ML05 & ML06A/B,Cambridge High School,"2845 Bethany Bend , Milton, GA 30004",Open,0.0,-84.275259,34.118601
2026-05-19T09:05:31-04:00,2026-05-19,fulton_may2026_precincts,92,3850c1a1-1690-4416-9686-e8c6ae1d5c5c,1779193560218,MP01,Mountain Park Community Building,"100 Lakeshore Drive , Mountain Park, GA  30075",Open,0.0,-84.41428600000002,34.08362399999999
2026-05-19T09:05:31-04:00,2026-05-19,fulton_may2026_precincts,93,24ffe6e0-8446-420d-ad27-de9f389aa9c0,1779195924403,PA01,Palmetto Library,"9111 Cascade Palmetto Hwy , Palmetto, GA  30268",Open,0.0,-84.664113,33.53048199999999
2026-05-19T09:05:31-04:00,2026-05-19,fulton_may2026_precincts,94,7e94bfdf-964e-47de-b594-068253235120,1779195427245,RW01,Lebanon Baptist Church,"11250 Crabapple Road  , Roswell, GA 30075",Open,0.0,-84.361355,34.05463999999999
2026-05-19T09:05:31-04:00,2026-05-19,fulton_may2026_precincts,95,bf6a8a30-6d94-49f0-9b39-61cf2fce17c7,1779193137293,RW02 & RW03 & RW03B  & RW10A & RW11A,Roswell Library,"115 Norcross Street  , Roswell, GA 30075",Open,0.0,-84.357908,34.025133
2026-05-19T09:05:31-04:00,2026-05-19,fulton_may2026_precincts,96,53cef47b-d6b5-4035-83c9-2e476b600a2a,1779193279117,RW03A & RW03C & RW17,Esther Jackson Elementary School,"1400 Martin Road , Roswell, GA  30076",Open,0.0,-84.31808400000001,34.010875000000006
2026-05-19T09:05:31-04:00,2026-05-19,fulton_may2026_precincts,97,1d8abc66-a692-4109-8a22-19f45f338cc3,1779195924403,RW04 & RW20,East Roswell Branch Library,"2301 Holcomb Bridge Road , Roswell, GA  30076",Open,0.0,-84.293829,34.002575
2026-05-19T09:05:31-04:00,2026-05-19,fulton_may2026_precincts,98,c982853d-85e7-43bf-a4ea-2a954c450aea,1779195850490,RW06 & RW07A/B & RW13,Saint Mary's Orthodox Church of Atlanta ,"1950 Old Alabama Road , Roswell, GA 30076",Open,0.0,-84.301988,34.026221
2026-05-19T09:05:31-04:00,2026-05-19,fulton_may2026_precincts,99,17685814-98af-47fb-8391-9e138f0312f0,1779192150436,RW08 & RW10 & RW16,Crosspointe Community Church,"77 East Crossville Road Suite 100 , Roswell, GA  30075",Open,0.0,-84.35957500000002,34.045733999999996
2026-05-19T09:05:31-04:00,2026-05-19,fulton_may2026_precincts,100,cb9f1959-e568-4c69-95e8-83fd9c37b7b6,1779195709499,RW09 & RW09A,Roswell High School,"11595 King Road , Roswell, GA 30075",Open,0.0,-84.381209,34.06314799999999
2026-05-19T09:05:31-04:00,2026-05-19,fulton_may2026_precincts,101,8cada81a-7c0c-4fdb-b353-ee62dfc0ec93,1779190771023,RW12 & RW12A & RW19 ,North River Baptist Church,"12090 Hardscrabble Road , Roswell, GA  30075",Open,0.0,-84.365091,34.075072
2026-05-19T09:05:31-04:00,2026-05-19,fulton_may2026_precincts,103,11605bf5-2ebe-4d20-8cee-8a6cdaa3bf5c,1779195850490,SC01A/C/D & SC31,Sandtown Park Recreation Center,"5370 Campbellton Road SW , South Fulton, GA 30331",Open,0.0,-84.563061,33.703652
2026-05-19T09:05:31-04:00,2026-05-19,fulton_may2026_precincts,104,e60c320f-0074-450d-92da-bb52be5e17a2,1776445481613,SC01B,Camp Creek Church of Christ,"2400 Merk Road  , South Fulton, GA 30331",Open,0.0,-84.557359,33.67413199999999
2026-05-19T09:05:31-04:00,2026-05-19,fulton_may2026_precincts,105,f292c1bd-4667-477d-b0fe-d397aff0c724,1779194059554,SC02 & SC02A & SC32,Southwest Arts Center,"915 New Hope Rd SW , South Fulton, GA  30331",Open,0.0,-84.540621,33.73005400000001
2026-05-19T09:05:31-04:00,2026-05-19,fulton_may2026_precincts,106,61330f06-076f-45d7-bf45-157b53ca1600,1779185367591,SC05A & SC13 & SC13A,Cedar Grove Church of Christ,"9100 Clark Road , South Fulton, GA 30213",Open,0.0,-84.662835,33.618041
2026-05-19T09:05:31-04:00,2026-05-19,fulton_may2026_precincts,107,29a71328-4243-4f8e-90ec-1b8b228c6443,1779192644850,SC05B/C/E/H & SC07D/F & SC15 A/B,Cliftondale Church,"4095 Stonewall Tell Road , South Fulton, GA 30349",Open,0.0,-84.589878,33.64377399999999
2026-05-19T09:05:31-04:00,2026-05-19,fulton_may2026_precincts,108,4257007d-e940-4a51-8c8b-dfa57c37629c,1779192501508,SC05D/G & SC15 & SC20A,The Enon Church,"3550 Enon Road , South Fulton, GA 30349",Open,0.0,-84.59139000000002,33.657518
2026-05-19T09:05:31-04:00,2026-05-19,fulton_may2026_precincts,109,f900e055-d3f5-4888-ad9e-e74c2f179495,1776445481613,SC07A,Fire Station 6  Community Room ,"6720 Cedar Grove Road , South Fulton, GA  30213",Open,0.0,-84.627919,33.57643600000001
2026-05-19T09:05:31-04:00,2026-05-19,fulton_may2026_precincts,110,44df880c-c606-4f84-97d9-76a6e601f420,1779195640267,SC07C & SC211 & SC212,Oakley Elementary ,"7220 Oakley Terrace , Union City, GA  30291",Open,0.0,-84.532451,33.583585
2026-05-19T09:05:31-04:00,2026-05-19,fulton_may2026_precincts,111,eff09ae0-bdc9-4012-b5a9-17e2c8170c6a,1779192501508,SC08A/B/D/E/F/G/i/K & UC01 A/B/C/E,Gladys Dennard at South Fulton Library,"4055 Flat Shoals Road , Union City, GA  30291",Open,1.0,-84.519454,33.587779999999995
2026-05-19T09:05:31-04:00,2026-05-19,fulton_may2026_precincts,112,06bfb239-d89b-40f0-b58e-988489f1002b,1779192714896,SC09A/B & SC09C & SC27,Burdett Park Gym,"2945 Burdett Road , South Fulton, GA  30349",Open,0.0,-84.483671,33.59540899999998
2026-05-19T09:05:31-04:00,2026-05-19,fulton_may2026_precincts,113,4ea450af-d8fa-4e86-902f-9d4f8671cdb6,1779192501508,SC11A & SC11B & SC29A/C,Creel Park ,"2775 Creel Road , South Fulton, GA  30349",Open,0.0,-84.483445,33.56742499999999
2026-05-19T09:05:31-04:00,2026-05-19,fulton_may2026_precincts,114,50359e97-3610-4f19-9386-1e2d09df9175,1779194342159,SC18A/B/C/D,Friendship Community Church,"4141 Old Fairburn Road , South Fulton, GA  30349",Open,0.0,-84.544172,33.645039000000004
2026-05-19T09:05:31-04:00,2026-05-19,fulton_may2026_precincts,115,bed936c5-fac2-47a0-bf93-3236b4524364,1779192223514,SC20,Wolf Creek Branch Library,"3100 Enon Road , South Fulton, GA  30331",Open,0.0,-84.577067,33.669996999999995
2026-05-19T09:05:31-04:00,2026-05-19,fulton_may2026_precincts,116,48188f90-d593-427f-a35d-58afac4d6969,1779194549734,SC23A/B/C/D,New Life Presbyterian Church,"6600 Old National Highway , South Fulton, GA  30349",Open,0.0,-84.468781,33.574781999999985
2026-05-19T09:05:31-04:00,2026-05-19,fulton_may2026_precincts,117,02b06042-8697-4cfc-94d1-803d3918a391,1778875122559,RW21A  & SS01 & SS01A,Johns Creek Environmental Campus,"8100 Holcomb Bridge Road, Alpharetta, GA 30022",Open,0.0,-84.266168654089,33.97701619378199
2026-05-19T09:05:31-04:00,2026-05-19,fulton_may2026_precincts,118,785a908b-0145-4805-999f-2236c0dce0ca,1779193064937,SS02 A/B & SS03 &  SS03A & SS05  & SS06A  & SS18A/B/C,Sandy Springs Christian Church,"301 Johnson Ferry Road  , Sandy Springs, GA 30328",Open,3.0,-84.39154300000001,33.93605799999999
2026-05-19T09:05:31-04:00,2026-05-19,fulton_may2026_precincts,119,6d27f61a-44f8-4b5e-8d5f-e2bdf72dd86c,1779185170587,SS04  & SS04A & SS29A,St. Jude Catholic Church,"7171 Glenridge Drive NE , Sandy Springs, GA  30328",Open,0.0,-84.363952,33.950061999999996
2026-05-19T09:05:31-04:00,2026-05-19,fulton_may2026_precincts,120,788b1c7a-120a-40bf-91fe-034a55c1dcba,1776445481613,SS06 & SS31,Heritage Hall Sandy Springs,"6110 Blue Stone Road , Sandy Springs, GA  30328",Open,0.0,-84.382146,33.922113
2026-05-19T09:05:31-04:00,2026-05-19,fulton_may2026_precincts,121,21f36337-632b-4db7-ab4a-c5e78df3e855,1779195640267,SS07A/B/C/D,Sandy Springs Library,"395 Mt. Vernon Highway , Sandy Springs, GA  30328",Open,0.0,-84.374268,33.92417999999999
2026-05-19T09:05:31-04:00,2026-05-19,fulton_may2026_precincts,122,94c086f0-3dae-45af-8ce1-a492b45188f5,1779195709499,SS08 A/B/C/D/E,Hammond Park Gym,"705 Hammond Drive NE , Sandy Springs, GA  30328",Open,0.0,-84.363834,33.919151
2026-05-19T09:05:31-04:00,2026-05-19,fulton_may2026_precincts,123,3b4c66ea-61d1-4058-9613-0726335a8e7d,1776445491200,SS09A & SS09B  & SS16,Mount Vernon Baptist Church,"850 Mount Vernon Highway , Sandy Springs, GA  30327",Open,0.0,-84.41415,33.906728
2026-05-19T09:05:31-04:00,2026-05-19,fulton_may2026_precincts,124,b11ed1a7-b27c-426a-9327-7e967938c49f,1776445491200,SS11A/B/C/D & SS13 A/B,North Fulton Training Center,"5025 Roswell Road , Sandy Springs, GA 30342",Open,0.0,-84.380682,33.89212599999999
2026-05-19T09:05:31-04:00,2026-05-19,fulton_may2026_precincts,125,f919e1e0-b77f-45ca-bbbe-1c74d9015a95,1776445491200,SS12 & SS14,Church of The Redeemer,"5185 Peachtree Dunwoody Road NE , Sandy Springs, GA 30342",Open,0.0,-84.35171099999998,33.896435999999994
2026-05-19T09:05:31-04:00,2026-05-19,fulton_may2026_precincts,126,e43a84b6-bfd0-4ba9-8d7d-f44ca007d84d,1779194342159,SS15A/B/C & SS17,Temple Emanu-El of Greater Atlanta,"1580 Spalding Drive , Sandy Springs, GA 30350",Open,0.0,-84.33328899999998,33.974900999999996
2026-05-19T09:05:31-04:00,2026-05-19,fulton_may2026_precincts,127,4cf183ba-ed80-40e5-9066-ff24eb8a92ac,1776445491200,SS19A  & SS22 ,Ison Springs Elementary,"8261 Ison Road  , Sandy Springs, GA 30350",Open,0.0,-84.353194,33.97857
2026-05-19T09:05:31-04:00,2026-05-19,fulton_may2026_precincts,128,75b8d18d-9ebb-439a-b671-0fd86da1c221,1776445491200,SS19B & SS20 & SS26 & SS29C,North Fulton Annex,"7741 Roswell Road , Sandy Springs, GA 30350",Open,0.0,-84.362809,33.965855999999995
2026-05-19T09:05:31-04:00,2026-05-19,fulton_may2026_precincts,129,9c2d3142-9c05-4509-b0f1-79e58dcedabc,1779194267796,UC02 A/E/F/G,The Gathering Place Community Center,"6280 Bryant Street , Union City, GA  30291",Open,0.0,-84.55466200000001,33.584404
2026-05-19T09:05:31-04:00,2026-05-19,fulton_may2026_precincts,130,891000d3-55ab-46d7-aa88-9b4ac2646b64,1776445491200,UC02 C/D,Etris-Darnell Community Center,"5285 Lakeside Drive , Union City, GA  30291",Open,0.0,-84.557214,33.58752099999999
2026-05-19T09:05:31-04:00,2026-05-19,fulton_may2026_precincts,131,382ea635-df18-4808-a719-41ec5372141f,1779192789169,UC031 & UC033,Christian City Welcome Center,"7345 Red Oak Road , Union City, GA  30291",Open,0.0,-84.52072299999999,33.555811
